ID,Name,Department,JoinDate,Salary
1,Ian,Quality Assurance,2021,28113
2,Beatrice,Tech Support,2021,35330
3,Vladimir,Human Resources,2020,51445
4,Whitney,IT,2020,23818
5,Leslie,Customer Service,2021,59882
6,Bernard,IT,2021,50330
7,Mary,Customer Service,2021,26558
8,Jerome,RnD,2021,45333
9,Joshua,IT,2021,59538
10,Keane,Human Resources,2022,46500
11,Velma,Human Resources,2022,19816
12,Rogan,Tech Support,2022,27554
13,Aurelia,RnD,2021,20762
14,Merrill,Quality Assurance,2021,59660
15,Blaine,Tech Support,2022,28768
